0,1,2,class,label,assigned,rho
0,1,0,0,0,0,0.3333333333333333
0,0,0,0,0,0,0.5
1,0,0,0,0,0,0.3333333333333333
3,3,0,1,1,1,0.5
3,2,0,1,1,1,0.3333333333333333
2,3,0,1,1,1,0.3333333333333333